,Timestamp,Node,Subsystem,Message,Type,Tuple
73351,1171984520,tg-s044,I-O,hda: packet command error: error=x,storage,369
73352,1171984572,tg-master,NET,setting node state to down,master,369
73353,1171984572,tg-master,NET,setting node state to down,master,369
73354,1171984572,tg-master,NET,setting node state to down,master,369
73355,1171984572,tg-master,NET,setting node state to down,master,369
73356,1171984572,tg-master,NET,setting node state to down,master,369
73357,1171984572,tg-master,NET,setting node state to down,master,369
73358,1171984572,tg-master,NET,setting node state to down,master,369
73359,1171984573,tg-master,NET,setting node state to down,master,369
73360,1171984573,tg-master,NET,setting node state to down,master,369
73361,1171984573,tg-master,NET,setting node state to down,master,369
73362,1171984573,tg-master,NET,setting node state to down,master,369
73363,1171984573,tg-master,NET,setting node state to down,master,369
73364,1171984573,tg-master,NET,setting node state to down,master,369
73365,1171984573,tg-master,NET,setting node state to down,master,369
73366,1171984573,tg-master,NET,setting node state to down,master,369
73367,1171984573,tg-master,NET,setting node state to down,master,369
73368,1171984573,tg-master,NET,setting node state to down,master,369
73369,1171984573,tg-master,NET,setting node state to down,master,369
73370,1171984574,tg-master,NET,setting node state to down,master,369
73371,1171984574,tg-master,NET,setting node state to down,master,369
73372,1171984574,tg-master,NET,setting node state to down,master,369
73373,1171984574,tg-master,NET,setting node state to down,master,369
73374,1171984574,tg-master,NET,setting node state to down,master,369
73375,1171984574,tg-master,NET,setting node state to down,master,369
73376,1171984574,tg-master,NET,setting node state to down,master,369
73377,1171984574,tg-master,NET,setting node state to down,master,369
73378,1171984574,tg-master,NET,setting node state to down,master,369
73379,1171984574,tg-master,NET,setting node state to down,master,369
73380,1171984574,tg-master,NET,setting node state to down,master,369
73381,1171984574,tg-master,NET,setting node state to down,master,369
73382,1171984574,tg-master,NET,setting node state to down,master,369
73383,1171984574,tg-master,NET,setting node state to down,master,369
73384,1171984575,tg-master,NET,setting node state to down,master,369
73385,1171984575,tg-master,NET,setting node state to down,master,369
73386,1171984575,tg-master,NET,setting node state to down,master,369
73387,1171984575,tg-master,NET,setting node state to down,master,369
73388,1171984575,tg-master,NET,setting node state to down,master,369
73389,1171984575,tg-master,NET,setting node state to down,master,369
73390,1171984575,tg-master,NET,setting node state to down,master,369
73391,1171984575,tg-master,NET,setting node state to down,master,369
73392,1171984575,tg-master,NET,setting node state to down,master,369
73393,1171984575,tg-master,NET,setting node state to down,master,369
73394,1171984575,tg-master,NET,setting node state to down,master,369
73395,1171984575,tg-master,NET,setting node state to down,master,369
73396,1171984575,tg-master,NET,setting node state to down,master,369
73397,1171984575,tg-master,NET,setting node state to down,master,369
73398,1171984575,tg-master,NET,setting node state to down,master,369
73399,1171984575,tg-master,NET,setting node state to down,master,369
73400,1171984575,tg-master,NET,setting node state to down,master,369
73401,1171984575,tg-master,NET,setting node state to down,master,369
73402,1171984575,tg-master,NET,setting node state to down,master,369
73403,1171984575,tg-master,NET,setting node state to down,master,369
73404,1171984575,tg-master,NET,setting node state to down,master,369
73405,1171984575,tg-master,NET,setting node state to down,master,369
73406,1171984575,tg-master,NET,setting node state to down,master,369
73407,1171984575,tg-master,NET,setting node state to down,master,369
73408,1171984575,tg-master,NET,setting node state to down,master,369
73409,1171984575,tg-master,NET,setting node state to down,master,369
73410,1171984575,tg-master,NET,setting node state to down,master,369
73411,1171984575,tg-master,NET,setting node state to down,master,369
73412,1171984575,tg-master,NET,setting node state to down,master,369
73413,1171984575,tg-master,NET,setting node state to down,master,369
73414,1171984575,tg-master,NET,setting node state to down,master,369
73415,1171984575,tg-master,NET,setting node state to down,master,369
73416,1171984575,tg-master,NET,setting node state to down,master,369
73417,1171984575,tg-master,NET,setting node state to down,master,369
73418,1171984575,tg-master,NET,setting node state to down,master,369
73419,1171984575,tg-master,NET,setting node state to down,master,369
73420,1171984575,tg-master,NET,setting node state to down,master,369
73421,1171984575,tg-master,NET,setting node state to down,master,369
73422,1171984575,tg-master,NET,setting node state to down,master,369
73423,1171984575,tg-master,NET,setting node state to down,master,369
73424,1171984575,tg-master,NET,setting node state to down,master,369
73425,1171984576,tg-master,NET,setting node state to down,master,369
73426,1171984576,tg-master,NET,setting node state to down,master,369
73427,1171984576,tg-master,NET,setting node state to down,master,369
73428,1171984576,tg-master,NET,setting node state to down,master,369
73429,1171984576,tg-master,NET,setting node state to down,master,369
73430,1171984576,tg-master,NET,setting node state to down,master,369
73431,1171984576,tg-master,NET,setting node state to down,master,369
73432,1171984576,tg-master,NET,setting node state to down,master,369
73433,1171984576,tg-master,NET,setting node state to down,master,369
73434,1171984576,tg-master,NET,setting node state to down,master,369
73435,1171984576,tg-master,NET,setting node state to down,master,369
73436,1171984576,tg-master,NET,setting node state to down,master,369
73437,1171984576,tg-master,NET,setting node state to down,master,369
73438,1171984576,tg-master,NET,setting node state to down,master,369
73439,1171984576,tg-master,NET,setting node state to down,master,369
73440,1171984576,tg-master,NET,setting node state to down,master,369
73441,1171984576,tg-master,NET,setting node state to down,master,369
73442,1171984576,tg-master,NET,setting node state to down,master,369
73443,1171984576,tg-master,NET,setting node state to down,master,369
73444,1171984576,tg-master,NET,setting node state to down,master,369
73445,1171984576,tg-master,NET,setting node state to down,master,369
73446,1171984576,tg-master,NET,setting node state to down,master,369
73447,1171984576,tg-master,NET,setting node state to down,master,369
73448,1171984576,tg-master,NET,setting node state to down,master,369
73449,1171984577,tg-master,NET,setting node state to down,master,369
73450,1171984577,tg-master,NET,setting node state to down,master,369
73451,1171984577,tg-master,NET,setting node state to down,master,369
73452,1171984577,tg-master,NET,setting node state to down,master,369
73453,1171984577,tg-master,NET,setting node state to down,master,369
73454,1171984577,tg-master,NET,setting node state to down,master,369
73455,1171984577,tg-master,NET,setting node state to down,master,369
73456,1171984577,tg-master,NET,setting node state to down,master,369
73457,1171984577,tg-master,NET,setting node state to down,master,369
73458,1171984577,tg-master,NET,setting node state to down,master,369
73459,1171984577,tg-master,NET,setting node state to down,master,369
73460,1171984577,tg-master,NET,setting node state to down,master,369
73461,1171984577,tg-master,NET,setting node state to down,master,369
73462,1171984577,tg-master,NET,setting node state to down,master,369
73463,1171984577,tg-master,NET,setting node state to down,master,369
73464,1171984577,tg-master,NET,setting node state to down,master,369
73465,1171984577,tg-master,NET,setting node state to down,master,369
73466,1171984577,tg-master,NET,setting node state to down,master,369
73467,1171984577,tg-master,NET,setting node state to down,master,369
73468,1171984577,tg-master,NET,setting node state to down,master,369
73469,1171984577,tg-master,NET,setting node state to down,master,369
73470,1171984577,tg-master,NET,setting node state to down,master,369
73471,1171984577,tg-master,NET,setting node state to down,master,369
73472,1171984577,tg-master,NET,setting node state to down,master,369
73473,1171984577,tg-master,NET,setting node state to down,master,369
73474,1171984577,tg-master,NET,setting node state to down,master,369
73475,1171984577,tg-master,NET,setting node state to down,master,369
73476,1171984577,tg-master,NET,setting node state to down,master,369
73477,1171984577,tg-master,NET,setting node state to down,master,369
73478,1171984577,tg-master,NET,setting node state to down,master,369
73479,1171984577,tg-master,NET,setting node state to down,master,369
73480,1171984577,tg-master,NET,setting node state to down,master,369
73481,1171984577,tg-master,NET,setting node state to down,master,369
73482,1171984577,tg-master,NET,setting node state to down,master,369
73483,1171984577,tg-master,NET,setting node state to down,master,369
73484,1171984578,tg-master,NET,setting node state to down,master,369
73485,1171984578,tg-master,NET,setting node state to down,master,369
73486,1171984578,tg-master,NET,setting node state to down,master,369
73487,1171984578,tg-master,NET,setting node state to down,master,369
73488,1171984578,tg-master,NET,setting node state to down,master,369
73489,1171984578,tg-master,NET,setting node state to down,master,369
73490,1171984578,tg-master,NET,setting node state to down,master,369
73491,1171984578,tg-master,NET,setting node state to down,master,369
73492,1171984578,tg-master,NET,setting node state to down,master,369
73493,1171984578,tg-master,NET,setting node state to down,master,369
73494,1171984579,tg-master,NET,setting node state to down,master,369
73495,1171984579,tg-master,NET,setting node state to down,master,369
73496,1171984579,tg-master,NET,setting node state to down,master,369
73497,1171984579,tg-master,NET,setting node state to down,master,369
73498,1171984579,tg-master,NET,setting node state to down,master,369
73499,1171984579,tg-master,NET,setting node state to down,master,369
73500,1171984579,tg-master,NET,setting node state to down,master,369
73501,1171984579,tg-master,NET,setting node state to down,master,369
73502,1171984579,tg-master,NET,setting node state to down,master,369
73503,1171984579,tg-master,NET,setting node state to down,master,369
73504,1171984579,tg-master,NET,setting node state to down,master,369
73505,1171984579,tg-master,NET,setting node state to down,master,369
73506,1171984579,tg-master,NET,setting node state to down,master,369
73507,1171984579,tg-master,NET,setting node state to down,master,369
73508,1171984579,tg-master,NET,setting node state to down,master,369
73509,1171984579,tg-master,NET,setting node state to down,master,369
73510,1171984579,tg-master,NET,setting node state to down,master,369
73511,1171984580,tg-master,NET,setting node state to down,master,369
73512,1171984582,tg-master,NET,setting node state to down,master,369
73513,1171984582,tg-master,NET,setting node state to down,master,369
73514,1171984582,tg-master,NET,setting node state to down,master,369
73515,1171984582,tg-master,NET,setting node state to down,master,369
73516,1171984582,tg-master,NET,setting node state to down,master,369
73517,1171984582,tg-master,NET,setting node state to down,master,369
73518,1171984582,tg-master,NET,setting node state to down,master,369
73519,1171984582,tg-master,NET,setting node state to down,master,369
73520,1171984583,tg-master,NET,setting node state to down,master,369
73521,1171984583,tg-master,NET,setting node state to down,master,369
73522,1171984583,tg-master,NET,setting node state to down,master,369
73523,1171984583,tg-master,NET,setting node state to down,master,369
73524,1171984583,tg-master,NET,setting node state to down,master,369
73525,1171984583,tg-master,NET,setting node state to down,master,369
73526,1171984583,tg-master,NET,setting node state to down,master,369
73527,1171984583,tg-master,NET,setting node state to down,master,369
73528,1171984583,tg-master,NET,setting node state to down,master,369
73529,1171984583,tg-master,NET,setting node state to down,master,369
73530,1171984584,tg-master,NET,setting node state to down,master,369
73531,1171984584,tg-master,NET,setting node state to down,master,369
73532,1171984584,tg-master,NET,setting node state to down,master,369
73533,1171984584,tg-master,NET,setting node state to down,master,369
73534,1171984584,tg-master,NET,setting node state to down,master,369
73535,1171984584,tg-master,NET,setting node state to down,master,369
73536,1171984585,tg-master,NET,setting node state to down,master,369
73537,1171984585,tg-master,NET,setting node state to down,master,369
73538,1171984585,tg-master,NET,setting node state to down,master,369
73539,1171984585,tg-master,NET,setting node state to down,master,369
73540,1171984585,tg-master,NET,setting node state to down,master,369
73541,1171984585,tg-master,NET,setting node state to down,master,369
73542,1171984586,tg-master,NET,setting node state to down,master,369
73543,1171984586,tg-master,NET,setting node state to down,master,369
73544,1171984586,tg-master,NET,setting node state to down,master,369
73545,1171984586,tg-master,NET,setting node state to down,master,369
73546,1171984586,tg-master,NET,setting node state to down,master,369
73547,1171984586,tg-master,NET,setting node state to down,master,369
73548,1171984586,tg-master,NET,setting node state to down,master,369
73549,1171984587,tg-master,NET,setting node state to down,master,369
73550,1171984587,tg-master,NET,setting node state to down,master,369
73551,1171984587,tg-master,NET,setting node state to down,master,369
73552,1171984587,tg-master,NET,setting node state to down,master,369
73553,1171984587,tg-master,NET,setting node state to down,master,369
73554,1171984587,tg-master,NET,setting node state to down,master,369
73555,1171984587,tg-master,NET,setting node state to down,master,369
73556,1171984587,tg-master,NET,setting node state to down,master,369
73557,1171984587,tg-master,NET,setting node state to down,master,369
73558,1171984587,tg-master,NET,setting node state to down,master,369
73559,1171984587,tg-master,NET,setting node state to down,master,369
73560,1171984587,tg-master,NET,setting node state to down,master,369
73561,1171984587,tg-master,NET,setting node state to down,master,369
73562,1171984587,tg-master,NET,setting node state to down,master,369
73563,1171984587,tg-master,NET,setting node state to down,master,369
73564,1171984587,tg-master,NET,setting node state to down,master,369
73565,1171984587,tg-master,NET,setting node state to down,master,369
73566,1171984587,tg-master,NET,setting node state to down,master,369
73567,1171984587,tg-master,NET,setting node state to down,master,369
73568,1171984587,tg-master,NET,setting node state to down,master,369
73569,1171984587,tg-master,NET,setting node state to down,master,369
73570,1171984587,tg-master,NET,setting node state to down,master,369
73571,1171984588,tg-master,NET,setting node state to down,master,369
73572,1171984588,tg-master,NET,setting node state to down,master,369
73573,1171984588,tg-master,NET,setting node state to down,master,369
73574,1171984588,tg-master,NET,setting node state to down,master,369
73575,1171984588,tg-master,NET,setting node state to down,master,369
73576,1171984588,tg-master,NET,setting node state to down,master,369
73577,1171984588,tg-master,NET,setting node state to down,master,369
73578,1171984588,tg-master,NET,setting node state to down,master,369
73579,1171984588,tg-master,NET,setting node state to down,master,369
73580,1171984588,tg-master,NET,setting node state to down,master,369
73581,1171984588,tg-master,NET,setting node state to down,master,369
73582,1171984588,tg-master,NET,setting node state to down,master,369
73583,1171984588,tg-master,NET,setting node state to down,master,369
73584,1171984588,tg-master,NET,setting node state to down,master,369
73585,1171984588,tg-master,NET,setting node state to down,master,369
73586,1171984588,tg-master,NET,setting node state to down,master,369
73587,1171984588,tg-master,NET,setting node state to down,master,369
73588,1171984588,tg-master,NET,setting node state to down,master,369
73589,1171984588,tg-master,NET,setting node state to down,master,369
73590,1171984588,tg-master,NET,setting node state to down,master,369
73591,1171984588,tg-master,NET,setting node state to down,master,369
73592,1171984588,tg-master,NET,setting node state to down,master,369
73593,1171984588,tg-master,NET,setting node state to down,master,369
73594,1171984588,tg-master,NET,setting node state to down,master,369
73595,1171984588,tg-master,NET,setting node state to down,master,369
73596,1171984588,tg-master,NET,setting node state to down,master,369
73597,1171984588,tg-master,NET,setting node state to down,master,369
73598,1171984588,tg-master,NET,setting node state to down,master,369
73599,1171984588,tg-master,NET,setting node state to down,master,369
73600,1171984588,tg-master,NET,setting node state to down,master,369
73601,1171984588,tg-master,NET,setting node state to down,master,369
73602,1171984588,tg-master,NET,setting node state to down,master,369
73603,1171984588,tg-master,NET,setting node state to down,master,369
73604,1171984588,tg-master,NET,setting node state to down,master,369
73605,1171984588,tg-master,NET,setting node state to down,master,369
73606,1171984588,tg-master,NET,setting node state to down,master,369
73607,1171984588,tg-master,NET,setting node state to down,master,369
73608,1171984588,tg-master,NET,setting node state to down,master,369
73609,1171984588,tg-master,NET,setting node state to down,master,369
73610,1171984588,tg-master,NET,setting node state to down,master,369
73611,1171984588,tg-master,NET,setting node state to down,master,369
73612,1171984588,tg-master,NET,setting node state to down,master,369
73613,1171984588,tg-master,NET,setting node state to down,master,369
73614,1171984589,tg-master,NET,setting node state to down,master,369
73615,1171984589,tg-master,NET,setting node state to down,master,369
73616,1171984589,tg-master,NET,setting node state to down,master,369
73617,1171984589,tg-master,NET,setting node state to down,master,369
73618,1171984589,tg-master,NET,setting node state to down,master,369
73619,1171984589,tg-master,NET,setting node state to down,master,369
73620,1171984589,tg-master,NET,setting node state to down,master,369
73621,1171984589,tg-master,NET,setting node state to down,master,369
73622,1171984589,tg-master,NET,setting node state to down,master,369
73623,1171984589,tg-master,NET,setting node state to down,master,369
73624,1171984589,tg-master,NET,setting node state to down,master,369
73625,1171984589,tg-master,NET,setting node state to down,master,369
73626,1171984589,tg-master,NET,setting node state to down,master,369
73627,1171984589,tg-master,NET,setting node state to down,master,369
73628,1171984589,tg-master,NET,setting node state to down,master,369
73629,1171984589,tg-master,NET,setting node state to down,master,369
73630,1171984589,tg-master,NET,setting node state to down,master,369
73631,1171984589,tg-master,NET,setting node state to down,master,369
73632,1171984589,tg-master,NET,setting node state to down,master,369
73633,1171984589,tg-master,NET,setting node state to down,master,369
73634,1171984589,tg-master,NET,setting node state to down,master,369
73635,1171984589,tg-master,NET,setting node state to down,master,369
73636,1171984589,tg-master,NET,setting node state to down,master,369
73637,1171984589,tg-master,NET,setting node state to down,master,369
73638,1171984589,tg-master,NET,setting node state to down,master,369
73639,1171984589,tg-master,NET,setting node state to down,master,369
73640,1171984589,tg-master,NET,setting node state to down,master,369
73641,1171984589,tg-master,NET,setting node state to down,master,369
73642,1171984589,tg-master,NET,setting node state to down,master,369
73643,1171984589,tg-master,NET,setting node state to down,master,369
73644,1171984589,tg-master,NET,setting node state to down,master,369
73645,1171984589,tg-master,NET,setting node state to down,master,369
73646,1171984589,tg-master,NET,setting node state to down,master,369
73647,1171984589,tg-master,NET,setting node state to down,master,369
73648,1171984589,tg-master,NET,setting node state to down,master,369
73649,1171984589,tg-master,NET,setting node state to down,master,369
73650,1171984589,tg-master,NET,setting node state to down,master,369
73651,1171984589,tg-master,NET,setting node state to down,master,369
73652,1171984589,tg-master,NET,setting node state to down,master,369
73653,1171984589,tg-master,NET,setting node state to down,master,369
73654,1171984589,tg-master,NET,setting node state to down,master,369
73655,1171984589,tg-master,NET,setting node state to down,master,369
73656,1171984589,tg-master,NET,setting node state to down,master,369
73657,1171984589,tg-master,NET,setting node state to down,master,369
73658,1171984589,tg-master,NET,setting node state to down,master,369
73659,1171984590,tg-master,NET,setting node state to down,master,369
73660,1171984590,tg-master,NET,setting node state to down,master,369
73661,1171984590,tg-master,NET,setting node state to down,master,369
73662,1171984590,tg-master,NET,setting node state to down,master,369
73663,1171984590,tg-master,NET,setting node state to down,master,369
73664,1171984590,tg-master,NET,setting node state to down,master,369
73665,1171984590,tg-master,NET,setting node state to down,master,369
73666,1171984590,tg-master,NET,setting node state to down,master,369
73667,1171984590,tg-master,NET,setting node state to down,master,369
73668,1171984590,tg-master,NET,setting node state to down,master,369
73669,1171984590,tg-master,NET,setting node state to down,master,369
73670,1171984590,tg-master,NET,setting node state to down,master,369
73671,1171984590,tg-master,NET,setting node state to down,master,369
73672,1171984590,tg-master,NET,setting node state to down,master,369
73673,1171984590,tg-master,NET,setting node state to down,master,369
73674,1171984590,tg-master,NET,setting node state to down,master,369
73675,1171984590,tg-master,NET,setting node state to down,master,369
73676,1171984590,tg-master,NET,setting node state to down,master,369
73677,1171984590,tg-master,NET,setting node state to down,master,369
73678,1171984590,tg-master,NET,setting node state to down,master,369
73679,1171984590,tg-master,NET,setting node state to down,master,369
73680,1171984590,tg-master,NET,setting node state to down,master,369
73681,1171984590,tg-master,NET,setting node state to down,master,369
73682,1171984590,tg-master,NET,setting node state to down,master,369
73683,1171984590,tg-master,NET,setting node state to down,master,369
73684,1171984590,tg-master,NET,setting node state to down,master,369
73685,1171984590,tg-master,NET,setting node state to down,master,369
73686,1171984590,tg-master,NET,setting node state to down,master,369
73687,1171984590,tg-master,NET,setting node state to down,master,369
73688,1171984590,tg-master,NET,setting node state to down,master,369
73689,1171984590,tg-master,NET,setting node state to down,master,369
73690,1171984590,tg-master,NET,setting node state to down,master,369
73691,1171984590,tg-master,NET,setting node state to down,master,369
73692,1171984590,tg-master,NET,setting node state to down,master,369
73693,1171984590,tg-master,NET,setting node state to down,master,369
73694,1171984590,tg-master,NET,setting node state to down,master,369
73695,1171984590,tg-master,NET,setting node state to down,master,369
73696,1171984590,tg-master,NET,setting node state to down,master,369
73697,1171984590,tg-master,NET,setting node state to down,master,369
73698,1171984590,tg-master,NET,setting node state to down,master,369
73699,1171984590,tg-master,NET,setting node state to down,master,369
73700,1171984591,tg-master,NET,setting node state to down,master,369
73701,1171984591,tg-master,NET,setting node state to down,master,369
73702,1171984591,tg-master,NET,setting node state to down,master,369
73703,1171984591,tg-master,NET,setting node state to down,master,369
73704,1171984591,tg-master,NET,setting node state to down,master,369
73705,1171984591,tg-master,NET,setting node state to down,master,369
73706,1171984591,tg-master,NET,setting node state to down,master,369
73707,1171984591,tg-master,NET,setting node state to down,master,369
73708,1171984591,tg-master,NET,setting node state to down,master,369
73709,1171984591,tg-master,NET,setting node state to down,master,369
73710,1171984591,tg-master,NET,setting node state to down,master,369
73711,1171984591,tg-master,NET,setting node state to down,master,369
73712,1171984591,tg-master,NET,setting node state to down,master,369
73713,1171984591,tg-master,NET,setting node state to down,master,369
73714,1171984591,tg-master,NET,setting node state to down,master,369
73715,1171984591,tg-master,NET,setting node state to down,master,369
73716,1171984591,tg-master,NET,setting node state to down,master,369
73717,1171984591,tg-master,NET,setting node state to down,master,369
73718,1171984591,tg-master,NET,setting node state to down,master,369
73719,1171984591,tg-master,NET,setting node state to down,master,369
73720,1171984591,tg-master,NET,setting node state to down,master,369
73721,1171984591,tg-master,NET,setting node state to down,master,369
73722,1171984591,tg-master,NET,setting node state to down,master,369
73723,1171984591,tg-master,NET,setting node state to down,master,369
73724,1171984591,tg-master,NET,setting node state to down,master,369
73725,1171984591,tg-master,NET,setting node state to down,master,369
73726,1171984591,tg-master,NET,setting node state to down,master,369
73727,1171984591,tg-master,NET,setting node state to down,master,369
73728,1171984591,tg-master,NET,setting node state to down,master,369
73729,1171984591,tg-master,NET,setting node state to down,master,369
73730,1171984591,tg-master,NET,setting node state to down,master,369
73731,1171984591,tg-master,NET,setting node state to down,master,369
73732,1171984591,tg-master,NET,setting node state to down,master,369
73733,1171984591,tg-master,NET,setting node state to down,master,369
73734,1171984591,tg-master,NET,setting node state to down,master,369
73735,1171984591,tg-master,NET,setting node state to down,master,369
73736,1171984592,tg-master,NET,setting node state to down,master,369
73737,1171984592,tg-master,NET,setting node state to down,master,369
73738,1171984592,tg-master,NET,setting node state to down,master,369
73739,1171984592,tg-master,NET,setting node state to down,master,369
73740,1171984592,tg-master,NET,setting node state to down,master,369
73741,1171984592,tg-master,NET,setting node state to down,master,369
73742,1171984592,tg-master,NET,setting node state to down,master,369
73743,1171984592,tg-master,NET,setting node state to down,master,369
73744,1171984592,tg-master,NET,setting node state to down,master,369
73745,1171984592,tg-master,NET,setting node state to down,master,369
73746,1171984592,tg-master,NET,setting node state to down,master,369
73747,1171984592,tg-master,NET,setting node state to down,master,369
73748,1171984592,tg-master,NET,setting node state to down,master,369
73749,1171984592,tg-master,NET,setting node state to down,master,369
73750,1171984592,tg-master,NET,setting node state to down,master,369
73751,1171984592,tg-master,NET,setting node state to down,master,369
73752,1171984592,tg-master,NET,setting node state to down,master,369
73753,1171984592,tg-master,NET,setting node state to down,master,369
73754,1171984592,tg-master,NET,setting node state to down,master,369
73755,1171984592,tg-master,NET,setting node state to down,master,369
73756,1171984592,tg-master,NET,setting node state to down,master,369
73757,1171984592,tg-master,NET,setting node state to down,master,369
73758,1171984592,tg-master,NET,setting node state to down,master,369
73759,1171984592,tg-master,NET,setting node state to down,master,369
73760,1171984592,tg-master,NET,setting node state to down,master,369
73761,1171984592,tg-master,NET,setting node state to down,master,369
73762,1171984592,tg-master,NET,setting node state to down,master,369
73763,1171984592,tg-master,NET,setting node state to down,master,369
73764,1171984592,tg-master,NET,setting node state to down,master,369
73765,1171984592,tg-master,NET,setting node state to down,master,369
73766,1171984592,tg-master,NET,setting node state to down,master,369
73767,1171984592,tg-master,NET,setting node state to down,master,369
73768,1171984592,tg-master,NET,setting node state to down,master,369
73769,1171984592,tg-master,NET,setting node state to down,master,369
73770,1171984592,tg-master,NET,setting node state to down,master,369
73771,1171984592,tg-master,NET,setting node state to down,master,369
73772,1171984592,tg-master,NET,setting node state to down,master,369
73773,1171984592,tg-master,NET,setting node state to down,master,369
73774,1171984592,tg-master,NET,setting node state to down,master,369
73775,1171984592,tg-master,NET,setting node state to down,master,369
73776,1171984592,tg-master,NET,setting node state to down,master,369
73777,1171984593,tg-master,NET,setting node state to down,master,369
73778,1171984593,tg-master,NET,setting node state to down,master,369
73779,1171984593,tg-master,NET,setting node state to down,master,369
73780,1171984593,tg-master,NET,setting node state to down,master,369
73781,1171984593,tg-master,NET,setting node state to down,master,369
73782,1171984593,tg-master,NET,setting node state to down,master,369
73783,1171984593,tg-master,NET,setting node state to down,master,369
73784,1171984593,tg-master,NET,setting node state to down,master,369
73785,1171984593,tg-master,NET,setting node state to down,master,369
73786,1171984593,tg-master,NET,setting node state to down,master,369
73787,1171984593,tg-master,NET,setting node state to down,master,369
73788,1171984593,tg-master,NET,setting node state to down,master,369
73789,1171984593,tg-master,NET,setting node state to down,master,369
73790,1171984593,tg-master,NET,setting node state to down,master,369
73791,1171984593,tg-master,NET,setting node state to down,master,369
73792,1171984593,tg-master,NET,setting node state to down,master,369
73793,1171984593,tg-master,NET,setting node state to down,master,369
73794,1171984593,tg-master,NET,setting node state to down,master,369
73795,1171984593,tg-master,NET,setting node state to down,master,369
73796,1171984593,tg-master,NET,setting node state to down,master,369
73797,1171984593,tg-master,NET,setting node state to down,master,369
73798,1171984593,tg-master,NET,setting node state to down,master,369
73799,1171984593,tg-master,NET,setting node state to down,master,369
73800,1171984593,tg-master,NET,setting node state to down,master,369
73801,1171984593,tg-master,NET,setting node state to down,master,369
73802,1171984593,tg-master,NET,setting node state to down,master,369
73803,1171984593,tg-master,NET,setting node state to down,master,369
73804,1171984593,tg-master,NET,setting node state to down,master,369
73805,1171984593,tg-master,NET,setting node state to down,master,369
73806,1171984593,tg-master,NET,setting node state to down,master,369
73807,1171984593,tg-master,NET,setting node state to down,master,369
73808,1171984593,tg-master,NET,setting node state to down,master,369
73809,1171984593,tg-master,NET,setting node state to down,master,369
73810,1171984593,tg-master,NET,setting node state to down,master,369
73811,1171984593,tg-master,NET,setting node state to down,master,369
73812,1171984593,tg-master,NET,setting node state to down,master,369
73813,1171984593,tg-master,NET,setting node state to down,master,369
73814,1171984593,tg-master,NET,setting node state to down,master,369
73815,1171984593,tg-master,NET,setting node state to down,master,369
73816,1171984593,tg-master,NET,setting node state to down,master,369
73817,1171984594,tg-master,NET,setting node state to down,master,369
73818,1171984594,tg-master,NET,setting node state to down,master,369
73819,1171984594,tg-master,NET,setting node state to down,master,369
73820,1171984594,tg-master,NET,setting node state to down,master,369
73821,1171984594,tg-master,NET,setting node state to down,master,369
73822,1171984594,tg-master,NET,setting node state to down,master,369
73823,1171984594,tg-master,NET,setting node state to down,master,369
73824,1171984594,tg-master,NET,setting node state to down,master,369
73825,1171984594,tg-master,NET,setting node state to down,master,369
73826,1171984594,tg-master,NET,setting node state to down,master,369
73827,1171984594,tg-master,NET,setting node state to down,master,369
73828,1171984594,tg-master,NET,setting node state to down,master,369
73829,1171984594,tg-master,NET,setting node state to down,master,369
73830,1171984594,tg-master,NET,setting node state to down,master,369
73831,1171984594,tg-master,NET,setting node state to down,master,369
73832,1171984594,tg-master,NET,setting node state to down,master,369
73833,1171984594,tg-master,NET,setting node state to down,master,369
73834,1171984594,tg-master,NET,setting node state to down,master,369
73835,1171984594,tg-master,NET,setting node state to down,master,369
73836,1171984594,tg-master,NET,setting node state to down,master,369
73837,1171984594,tg-master,NET,setting node state to down,master,369
73838,1171984594,tg-master,NET,setting node state to down,master,369
73839,1171984594,tg-master,NET,setting node state to down,master,369
73840,1171984594,tg-master,NET,setting node state to down,master,369
73841,1171984594,tg-master,NET,setting node state to down,master,369
73842,1171984594,tg-master,NET,setting node state to down,master,369
73843,1171984594,tg-master,NET,setting node state to down,master,369
73844,1171984594,tg-master,NET,setting node state to down,master,369
73845,1171984594,tg-master,NET,setting node state to down,master,369
73846,1171984594,tg-master,NET,setting node state to down,master,369
73847,1171984594,tg-master,NET,setting node state to down,master,369
73848,1171984594,tg-master,NET,setting node state to down,master,369
73849,1171984594,tg-master,NET,setting node state to down,master,369
73850,1171984594,tg-master,NET,setting node state to down,master,369
73851,1171984594,tg-master,NET,setting node state to down,master,369
73852,1171984594,tg-master,NET,setting node state to down,master,369
73853,1171984594,tg-master,NET,setting node state to down,master,369
73854,1171984594,tg-master,NET,setting node state to down,master,369
73855,1171984594,tg-master,NET,setting node state to down,master,369
73856,1171984594,tg-master,NET,setting node state to down,master,369
73857,1171984594,tg-master,NET,setting node state to down,master,369
73858,1171984594,tg-master,NET,setting node state to down,master,369
73859,1171984594,tg-master,NET,setting node state to down,master,369
73860,1171984595,tg-master,NET,setting node state to down,master,369
73861,1171984595,tg-master,NET,setting node state to down,master,369
73862,1171984595,tg-master,NET,setting node state to down,master,369
73863,1171984595,tg-master,NET,setting node state to down,master,369
73864,1171984595,tg-master,NET,setting node state to down,master,369
73865,1171984595,tg-master,NET,setting node state to down,master,369
73866,1171984595,tg-master,NET,setting node state to down,master,369
73867,1171984595,tg-master,NET,setting node state to down,master,369
73868,1171984595,tg-master,NET,setting node state to down,master,369
73869,1171984595,tg-master,NET,setting node state to down,master,369
73870,1171984595,tg-master,NET,setting node state to down,master,369
73871,1171984595,tg-master,NET,setting node state to down,master,369
73872,1171984595,tg-master,NET,setting node state to down,master,369
73873,1171984595,tg-master,NET,setting node state to down,master,369
73874,1171984595,tg-master,NET,setting node state to down,master,369
73875,1171984595,tg-master,NET,setting node state to down,master,369
73876,1171984595,tg-master,NET,setting node state to down,master,369
73877,1171984595,tg-master,NET,setting node state to down,master,369
73878,1171984595,tg-master,NET,setting node state to down,master,369
73879,1171984595,tg-master,NET,setting node state to down,master,369
73880,1171984595,tg-master,NET,setting node state to down,master,369
73881,1171984595,tg-master,NET,setting node state to down,master,369
73882,1171984595,tg-master,NET,setting node state to down,master,369
73883,1171984595,tg-master,NET,setting node state to down,master,369
73884,1171984595,tg-master,NET,setting node state to down,master,369
73885,1171984595,tg-master,NET,setting node state to down,master,369
73886,1171984595,tg-master,NET,setting node state to down,master,369
73887,1171984595,tg-master,NET,setting node state to down,master,369
73888,1171984595,tg-master,NET,setting node state to down,master,369
73889,1171984595,tg-master,NET,setting node state to down,master,369
73890,1171984595,tg-master,NET,setting node state to down,master,369
73891,1171984595,tg-master,NET,setting node state to down,master,369
73892,1171984595,tg-master,NET,setting node state to down,master,369
73893,1171984595,tg-master,NET,setting node state to down,master,369
73894,1171984595,tg-master,NET,setting node state to down,master,369
73895,1171984595,tg-master,NET,setting node state to down,master,369
73896,1171984595,tg-master,NET,setting node state to down,master,369
73897,1171984595,tg-master,NET,setting node state to down,master,369
73898,1171984595,tg-master,NET,setting node state to down,master,369
73899,1171984595,tg-master,NET,setting node state to down,master,369
73900,1171984595,tg-master,NET,setting node state to down,master,369
73901,1171984595,tg-master,NET,setting node state to down,master,369
73902,1171984595,tg-master,NET,setting node state to down,master,369
73903,1171984595,tg-master,NET,setting node state to down,master,369
73904,1171984595,tg-master,NET,setting node state to down,master,369
73905,1171984596,tg-master,NET,setting node state to down,master,369
73906,1171984596,tg-master,NET,setting node state to down,master,369
73907,1171984596,tg-master,NET,setting node state to down,master,369
73908,1171984596,tg-master,NET,setting node state to down,master,369
73909,1171984596,tg-master,NET,setting node state to down,master,369
73910,1171984596,tg-master,NET,setting node state to down,master,369
73911,1171984596,tg-master,NET,setting node state to down,master,369
73912,1171984596,tg-master,NET,setting node state to down,master,369
73913,1171984596,tg-master,NET,setting node state to down,master,369
73914,1171984596,tg-master,NET,setting node state to down,master,369
73915,1171984596,tg-master,NET,setting node state to down,master,369
73916,1171984596,tg-master,NET,setting node state to down,master,369
73917,1171984596,tg-master,NET,setting node state to down,master,369
73918,1171984596,tg-master,NET,setting node state to down,master,369
73919,1171984596,tg-master,NET,setting node state to down,master,369
73920,1171984596,tg-master,NET,setting node state to down,master,369
73921,1171984596,tg-master,NET,setting node state to down,master,369
73922,1171984596,tg-master,NET,setting node state to down,master,369
73923,1171984596,tg-master,NET,setting node state to down,master,369
73924,1171984596,tg-master,NET,setting node state to down,master,369
73925,1171984596,tg-master,NET,setting node state to down,master,369
73926,1171984596,tg-master,NET,setting node state to down,master,369
73927,1171984596,tg-master,NET,setting node state to down,master,369
73928,1171984596,tg-master,NET,setting node state to down,master,369
73929,1171984596,tg-master,NET,setting node state to down,master,369
73930,1171984596,tg-master,NET,setting node state to down,master,369
73931,1171984596,tg-master,NET,setting node state to down,master,369
73932,1171984596,tg-master,NET,setting node state to down,master,369
73933,1171984596,tg-master,NET,setting node state to down,master,369
73934,1171984596,tg-master,NET,setting node state to down,master,369
73935,1171984596,tg-master,NET,setting node state to down,master,369
73936,1171984596,tg-master,NET,setting node state to down,master,369
73937,1171984596,tg-master,NET,setting node state to down,master,369
73938,1171984596,tg-master,NET,setting node state to down,master,369
73939,1171984596,tg-master,NET,setting node state to down,master,369
73940,1171984596,tg-master,NET,setting node state to down,master,369
73941,1171984596,tg-master,NET,setting node state to down,master,369
73942,1171984596,tg-master,NET,setting node state to down,master,369
73943,1171984596,tg-master,NET,setting node state to down,master,369
73944,1171984596,tg-master,NET,setting node state to down,master,369
73945,1171984596,tg-master,NET,setting node state to down,master,369
73946,1171984596,tg-master,NET,setting node state to down,master,369
73947,1171984596,tg-master,NET,setting node state to down,master,369
73948,1171984597,tg-master,NET,setting node state to down,master,369
73949,1171984597,tg-master,NET,setting node state to down,master,369
73950,1171984597,tg-master,NET,setting node state to down,master,369
73951,1171984597,tg-master,NET,setting node state to down,master,369
73952,1171984597,tg-master,NET,setting node state to down,master,369
73953,1171984597,tg-master,NET,setting node state to down,master,369
73954,1171984597,tg-master,NET,setting node state to down,master,369
73955,1171984597,tg-master,NET,setting node state to down,master,369
73956,1171984597,tg-master,NET,setting node state to down,master,369
73957,1171984597,tg-master,NET,setting node state to down,master,369
73958,1171984597,tg-master,NET,setting node state to down,master,369
73959,1171984597,tg-master,NET,setting node state to down,master,369
73960,1171984597,tg-master,NET,setting node state to down,master,369
73961,1171984597,tg-master,NET,setting node state to down,master,369
73962,1171984597,tg-master,NET,setting node state to down,master,369
73963,1171984597,tg-master,NET,setting node state to down,master,369
73964,1171984597,tg-master,NET,setting node state to down,master,369
73965,1171984597,tg-master,NET,setting node state to down,master,369
73966,1171984597,tg-master,NET,setting node state to down,master,369
73967,1171984597,tg-master,NET,setting node state to down,master,369
73968,1171984597,tg-master,NET,setting node state to down,master,369
73969,1171984597,tg-master,NET,setting node state to down,master,369
73970,1171984597,tg-master,NET,setting node state to down,master,369
73971,1171984597,tg-master,NET,setting node state to down,master,369
73972,1171984597,tg-master,NET,setting node state to down,master,369
73973,1171984597,tg-master,NET,setting node state to down,master,369
73974,1171984597,tg-master,NET,setting node state to down,master,369
73975,1171984597,tg-master,NET,setting node state to down,master,369
73976,1171984597,tg-master,NET,setting node state to down,master,369
73977,1171984597,tg-master,NET,setting node state to down,master,369
73978,1171984597,tg-master,NET,setting node state to down,master,369
73979,1171984597,tg-master,NET,setting node state to down,master,369
73980,1171984597,tg-master,NET,setting node state to down,master,369
73981,1171984597,tg-master,NET,setting node state to down,master,369
73982,1171984597,tg-master,NET,setting node state to down,master,369
73983,1171984597,tg-master,NET,setting node state to down,master,369
73984,1171984597,tg-master,NET,setting node state to down,master,369
73985,1171984597,tg-master,NET,setting node state to down,master,369
73986,1171984597,tg-master,NET,setting node state to down,master,369
73987,1171984597,tg-master,NET,setting node state to down,master,369
73988,1171984597,tg-master,NET,setting node state to down,master,369
73989,1171984598,tg-master,NET,setting node state to down,master,369
73990,1171984598,tg-master,NET,setting node state to down,master,369
73991,1171984598,tg-master,NET,setting node state to down,master,369
73992,1171984598,tg-master,NET,setting node state to down,master,369
73993,1171984598,tg-master,NET,setting node state to down,master,369
73994,1171984598,tg-master,NET,setting node state to down,master,369
73995,1171984598,tg-master,NET,setting node state to down,master,369
73996,1171984598,tg-master,NET,setting node state to down,master,369
73997,1171984598,tg-master,NET,setting node state to down,master,369
73998,1171984598,tg-master,NET,setting node state to down,master,369
73999,1171984598,tg-master,NET,setting node state to down,master,369
74000,1171984598,tg-master,NET,setting node state to down,master,369
74001,1171984598,tg-master,NET,setting node state to down,master,369
74002,1171984598,tg-master,NET,setting node state to down,master,369
74003,1171984598,tg-master,NET,setting node state to down,master,369
74004,1171984598,tg-master,NET,setting node state to down,master,369
74005,1171984598,tg-master,NET,setting node state to down,master,369
74006,1171984598,tg-master,NET,setting node state to down,master,369
74007,1171984598,tg-master,NET,setting node state to down,master,369
74008,1171984598,tg-master,NET,setting node state to down,master,369
74009,1171984598,tg-master,NET,setting node state to down,master,369
74010,1171984598,tg-master,NET,setting node state to down,master,369
74011,1171984598,tg-master,NET,setting node state to down,master,369
74012,1171984599,tg-master,NET,setting node state to down,master,369
74013,1171984599,tg-master,NET,setting node state to down,master,369
74014,1171984599,tg-master,NET,setting node state to down,master,369
74015,1171984599,tg-master,NET,setting node state to down,master,369
74016,1171984599,tg-master,NET,setting node state to down,master,369
74017,1171984599,tg-master,NET,setting node state to down,master,369
74018,1171984599,tg-master,NET,setting node state to down,master,369
74019,1171984599,tg-master,NET,setting node state to down,master,369
74020,1171984599,tg-master,NET,setting node state to down,master,369
74021,1171984599,tg-master,NET,setting node state to down,master,369
74022,1171984599,tg-master,NET,setting node state to down,master,369
74023,1171984599,tg-master,NET,setting node state to down,master,369
74024,1171984599,tg-master,NET,setting node state to down,master,369
74025,1171984599,tg-master,NET,setting node state to down,master,369
74026,1171984599,tg-master,NET,setting node state to down,master,369
74027,1171984599,tg-master,NET,setting node state to down,master,369
74028,1171984599,tg-master,NET,setting node state to down,master,369
74029,1171984599,tg-master,NET,setting node state to down,master,369
74030,1171984599,tg-master,NET,setting node state to down,master,369
74031,1171984599,tg-master,NET,setting node state to down,master,369
74032,1171984600,tg-master,NET,setting node state to down,master,369
74033,1171984600,tg-master,NET,setting node state to down,master,369
74034,1171984600,tg-master,NET,setting node state to down,master,369
74035,1171984600,tg-master,NET,setting node state to down,master,369
74036,1171984600,tg-master,NET,setting node state to down,master,369
74037,1171984600,tg-master,NET,setting node state to down,master,369
74038,1171984600,tg-master,NET,setting node state to down,master,369
74039,1171984600,tg-master,NET,setting node state to down,master,369
74040,1171984600,tg-master,NET,setting node state to down,master,369
74041,1171984600,tg-master,NET,setting node state to down,master,369
74042,1171984600,tg-master,NET,setting node state to down,master,369
74043,1171984600,tg-master,NET,setting node state to down,master,369
74044,1171984600,tg-master,NET,setting node state to down,master,369
74045,1171984600,tg-master,NET,setting node state to down,master,369
74046,1171984600,tg-master,NET,setting node state to down,master,369
74047,1171984600,tg-master,NET,setting node state to down,master,369
74048,1171984600,tg-master,NET,setting node state to down,master,369
74049,1171984600,tg-master,NET,setting node state to down,master,369
74050,1171984600,tg-master,NET,setting node state to down,master,369
74051,1171984600,tg-master,NET,setting node state to down,master,369
74052,1171984600,tg-master,NET,setting node state to down,master,369
74053,1171984600,tg-master,NET,setting node state to down,master,369
74054,1171984600,tg-master,NET,setting node state to down,master,369
74055,1171984600,tg-master,NET,setting node state to down,master,369
74056,1171984600,tg-master,NET,setting node state to down,master,369
74057,1171984600,tg-master,NET,setting node state to down,master,369
74058,1171984600,tg-master,NET,setting node state to down,master,369
74059,1171984600,tg-master,NET,setting node state to down,master,369
74060,1171984601,tg-master,NET,setting node state to down,master,369
74061,1171984601,tg-master,NET,setting node state to down,master,369
74062,1171984601,tg-master,NET,setting node state to down,master,369
